{"mdsDat": {"x": [0.022684077139711087, 0.14322100548358235, -0.018529485360479027, -0.045277143087711406, -0.10209845417510303], "y": [0.012524464373540385, 0.005407933574462232, -0.041921278221018654, 0.010802501215216963, 0.013186379057799062], "topics": [1, 2, 3, 4, 5], "cluster": [1, 1, 1, 1, 1], "Freq": [24.462752580001734, 23.26771312115168, 21.62171537594311, 19.58893417743474, 11.058884745468736]}, "tinfo": {"Term": ["reconnaitre", "abandon", "recyclees", "calcul", "richesse", "anti", "lycee", "deg", "independant", "considerer", "recyclees", "direct", "traverser", "boutique", "autonomie", "pile", "maternelle", "billet", "moindre", "sachet", "redistribuer", "consigne", "consignees", "verre", "bouteille", "saison", "legume", "fruit", "contenant", "recyclable", "emballage", "ouvert", "equipement", "couleur", "abandon", "terrasse", "denrees", "demarche", "risque", "monoculture", "benefice", "alimenter", "betonner", "richesse", "application", "solide", "independant", "friday", "realiser", "cree", "couche", "moitie", "serviette", "lycee", "pot", "sapin", "reconnaitre", "climatiseur", "cf", "deg", "restreindre", "fleur", "anti", "avenir", "engagement", "humanite", "barrage"], "Freq": [7594.0, 11997.0, 13508.0, 12940.0, 10591.0, 8684.0, 11957.0, 8624.0, 9752.0, 9037.0, 8975.272727272728, 8296.470588235294, 8059.42857142857, 7594.46153846154, 7051.999999999998, 7052.000000000002, 7466.823529411765, 7052.000000000002, 7052.0, 7052.0, 7051.999999999999, 9608.040540540549, 9390.5, 9060.39267015705, 8711.733067729077, 8440.898876404506, 8246.926229508203, 8001.929824561418, 7520.530303030298, 7766.5789473684345, 7608.963553530745, 8310.666666666666, 8013.85714285714, 6799.636363636365, 7479.599999999999, 7012.125, 7479.599999999999, 6233.0, 6561.052631578947, 6233.0, 6233.0, 6648.533333333333, 6233.0, 7905.799999999999, 7764.625, 8213.818181818184, 6588.166666666666, 7187.09090909091, 6776.4, 6160.363636363637, 6588.166666666666, 6776.4, 6588.166666666666, 6901.8888888888905, 6776.4, 6776.4, 5100.799999999999, 4250.666666666666, 4057.454545454546, 3825.6, 3825.6, 3825.6, 3643.4285714285706, 3825.6, 3719.333333333333, 3477.8181818181824, 3477.8181818181824], "Total": [7594.0, 11997.0, 13508.0, 12940.0, 10591.0, 8684.0, 11957.0, 8624.0, 9752.0, 9037.0, 13508.363636363636, 13347.470588235294, 13018.857142857141, 12411.076923076924, 11529.071428571428, 11606.111111111113, 12603.588235294119, 12478.111111111113, 12653.7, 12803.25, 13168.75, 13162.756756756766, 13200.2, 13126.193717277472, 13255.41434262947, 13068.022471910124, 12974.155737704923, 12994.68421052633, 12642.772727272724, 13097.263157894751, 12970.767653758532, 11489.833333333332, 11545.571428571426, 10592.0, 11997.2, 11514.125, 12771.3, 10685.599999999999, 11430.105263157893, 10896.400000000001, 10897.7, 12248.666666666668, 12374.4, 10591.4, 11103.75, 11848.818181818184, 9752.333333333332, 10761.818181818184, 10544.800000000001, 9612.181818181818, 10475.416666666666, 10826.466666666667, 10903.833333333332, 11957.444444444447, 11645.2, 11317.6, 7594.0, 8603.0, 8632.909090909092, 8624.2, 8796.0, 8836.300000000001, 8684.428571428569, 9139.6, 9088.833333333332, 8931.09090909091, 9335.454545454546], "Category": ["Default", "Default", "Default", "Default", "Default", "Default", "Default", "Default", "Default", "Default", "Topic1", "Topic1", "Topic1", "Topic1", "Topic1", "Topic1", "Topic1", "Topic1", "Topic1", "Topic1", "Topic1", "Topic2", "Topic2", "Topic2", "Topic2", "Topic2", "Topic2", "Topic2", "Topic2", "Topic2", "Topic2", "Topic3", "Topic3", "Topic3", "Topic3", "Topic3", "Topic3", "Topic3", "Topic3", "Topic3", "Topic3", "Topic3", "Topic3", "Topic4", "Topic4", "Topic4", "Topic4", "Topic4", "Topic4", "Topic4", "Topic4", "Topic4", "Topic4", "Topic4", "Topic4", "Topic4", "Topic5", "Topic5", "Topic5", "Topic5", "Topic5", "Topic5", "Topic5", "Topic5", "Topic5", "Topic5", "Topic5"], "logprob": [10.0, 9.0, 8.0, 7.0, 6.0, 5.0, 4.0, 3.0, 2.0, 1.0, -0.452, -0.5306, -0.5596, -0.619, -0.6931, -0.6931, -0.636, -0.6931, -0.6931, -0.6931, -0.6931, -0.3338, -0.3567, -0.3925, -0.4317, -0.4633, -0.4865, -0.5167, -0.5787, -0.5465, -0.567, -0.4055, -0.4418, -0.6061, -0.5108, -0.5754, -0.5108, -0.6931, -0.6419, -0.6931, -0.6931, -0.6286, -0.6931, -0.3567, -0.3747, -0.3185, -0.539, -0.452, -0.5108, -0.6061, -0.539, -0.5108, -0.539, -0.4925, -0.5108, -0.5108, -0.2231, -0.4055, -0.452, -0.5108, -0.5108, -0.5108, -0.5596, -0.5108, -0.539, -0.6061, -0.6061], "loglift": [10.0, 9.0, 8.0, 7.0, 6.0, 5.0, 4.0, 3.0, 2.0, 1.0, 6.527, 6.4604, 6.4563, 6.4447, 6.4443, 6.4376, 6.4124, 6.3652, 6.3512, 6.3395, 6.3113, 6.6712, 6.6454, 6.6153, 6.5662, 6.5489, 6.5328, 6.5011, 6.4665, 6.4634, 6.4526, 6.7354, 6.6942, 6.6161, 6.5868, 6.5634, 6.5243, 6.5203, 6.5042, 6.5007, 6.5006, 6.4483, 6.3736, 6.8656, 6.8004, 6.7916, 6.7658, 6.7543, 6.7159, 6.7132, 6.6943, 6.6895, 6.6542, 6.6085, 6.6166, 6.6451, 7.3318, 7.0248, 6.9748, 6.9169, 6.8972, 6.8926, 6.8612, 6.8589, 6.8363, 6.7867, 6.7424]}, "token.table": {"Topic": [3, 4, 1, 2, 3, 4, 5, 1, 4, 5, 1, 3, 4, 5, 1, 2, 3, 4, 5, 1, 3, 5, 1, 3, 4, 5, 1, 2, 3, 5, 1, 2, 3, 5, 1, 3, 4, 5, 1, 2, 3, 4, 5, 1, 3, 5, 2, 3, 1, 3, 4, 5, 1, 2, 4, 5, 3, 4, 5, 1, 2, 3, 4, 5, 1, 2, 4, 1, 2, 3, 4, 5, 1, 2, 4, 5, 3, 4, 5, 3, 4, 5, 1, 4, 5, 1, 3, 4, 5, 1, 2, 3, 4, 1, 2, 3, 4, 1, 2, 3, 4, 5, 1, 3, 4, 5, 1, 3, 4, 5, 1, 2, 4, 5, 1, 3, 4, 5, 1, 2, 3, 4, 5, 3, 4, 5, 3, 4, 5, 1, 2, 3, 4, 5, 1, 4, 5, 1, 2, 3, 4, 5, 1, 2, 3, 4, 5, 1, 2, 4, 5, 3, 4, 5, 1, 3, 4, 5, 1, 4, 5, 1, 4, 5, 3, 4, 5, 3, 5, 1, 2, 3, 4, 5, 1, 3, 1, 2, 3, 4, 1, 3, 4, 5, 1, 4, 5, 1, 3, 4, 5, 1, 2, 3, 4, 5, 1, 2, 3, 4, 5, 1, 3, 4, 5, 1, 3, 4, 5, 1, 2, 3, 4, 1, 3, 4, 5, 1, 2, 3, 4, 5, 1, 2, 3, 4, 5],